k,inertia,smallest_cluster,largest_cluster,cluster_sizes,silhouette
1,150000.0000000001,50000,50000,C0=50000,
2,112501.57839425698,24935,25065,C0=25065; C1=24935,0.2643242463434472
3,86425.34688003325,6628,21689,C0=6628; C1=21683; C2=21689,0.28816760971044375
4,66259.06584206755,5598,16572,C0=16572; C1=5598; C2=11717; C3=16113,0.2901196404792652
5,56686.22010330066,5207,13501,C0=5207; C1=9434; C2=13501; C3=12994; C4=8864,0.2673433172843757
6,51629.435491899865,3516,12288,C0=7817; C1=6155; C2=10991; C3=12288; C4=3516; C5=9233,0.259701691962347
7,47275.665229325416,2623,10457,C0=7986; C1=5849; C2=7621; C3=2623; C4=5364; C5=10457; C6=10100,0.24844072286155583
8,43246.29360425505,2488,9438,C0=9438; C1=4584; C2=2488; C3=8588; C4=7478; C5=7221; C6=4706; C7=5497,0.24350366825877476
9,40110.934615464066,2364,7552,C0=6885; C1=7022; C2=4739; C3=2364; C4=5721; C5=7552; C6=6355; C7=4385; C8=4977,0.24117490958013396
10,37441.26815748986,2306,6746,C0=6108; C1=5571; C2=2306; C3=6746; C4=6294; C5=5605; C6=4416; C7=4306; C8=4323; C9=4325,0.23752673881369846
