,min,max,std,nunique
age,18.0,59.0,12.094947528348944,42
sessions_per_week,0.0,26.0,2.8294381088831475,24
avg_session_duration_min,0.05826890812397577,3.5573460641520867,0.6466527344418967,3347
daily_active_minutes,1.791759469228055,4.601413137110379,0.5562851790640972,8343
feature_clicks_per_session,1.0,28.0,3.4802885630030214,28
notifications_opened_per_week,0.0,16.0,2.235179745830282,17
in_app_search_count,0.0,19.0,1.9977634838936145,19
pages_viewed_per_session,3.0,24.0,6.343635381750525,22
days_since_last_login,0.0,44.0,12.98523738828831,45
ads_clicked_last_30_days,0.0,19.0,2.4533126043891547,20
content_downloads,0.0,13.0,1.7318183727797571,13
social_shares,0.0,11.0,1.4134347817843054,11
rating_given,1.0,5.0,1.0372454386315706,5
churn_risk_score,0.0,1.0,0.288578185807636,101
engagement_score,10.0,100.0,14.838827221277027,6988
account_age_days,7.0,1199.0,345.5675237869727,1193
