column_name,lower_bound,upper_bound,lower_outliers,upper_outliers,total_outliers
user_id,75000.5,174998.5,0,0,0
age,-3.5,80.5,0,0,0
app_version,-0.24999999999999978,3.3499999999999996,0,0,0
sessions_per_week,0.0,16.0,0,181,181
avg_session_duration_min,-9.93,34.07,0,1572,1572
daily_active_minutes,-8.535000000000004,98.625,0,181,181
feature_clicks_per_session,4.0,20.0,104,641,745
notifications_opened_per_week,-1.5,10.5,0,660,660
in_app_search_count,0.0,8.0,0,1054,1054
pages_viewed_per_session,-8.5,35.5,0,0,0
crash_events_last_30_days,-1.5,2.5,0,398,398
support_tickets_raised,0.0,0.0,0,8910,8910
days_since_last_login,-22.0,66.0,0,0,0
ads_clicked_last_30_days,-2.0,14.0,0,70,70
content_downloads,-1.0,7.0,0,622,622
social_shares,-2.0,6.0,0,219,219
rating_given,1.5,5.5,2518,0,2518
churn_risk_score,-0.5,1.5,0,0,0
engagement_score,24.61499999999999,105.37500000000001,167,0,167
account_age_days,-604.0,1812.0,0,0,0
